Category,File Name,File Path,File Extension,File Size KB,Modified Time
Raw Data,.gitkeep,/home/kumarans/MS_AIML/Term1/DEEP_LEARNING_THEORY_PRACTICAL_ APPLICATIONS/MS_Capstone+NLP/QM 640_DATA_ANALYTICS_CAPSTONE/Code/data/raw/.gitkeep,,0.0,2026-07-26 17:15:32
Raw Data,DataScience_DeepDive_Framework.xlsx,/home/kumarans/MS_AIML/Term1/DEEP_LEARNING_THEORY_PRACTICAL_ APPLICATIONS/MS_Capstone+NLP/QM 640_DATA_ANALYTICS_CAPSTONE/Code/data/raw/DataScience_DeepDive_Framework.xlsx,.xlsx,15.79,2026-07-18 12:43:19
Raw Data,DataScience_DeepDive_Framework.xlsx:Zone.Identifier,/home/kumarans/MS_AIML/Term1/DEEP_LEARNING_THEORY_PRACTICAL_ APPLICATIONS/MS_Capstone+NLP/QM 640_DATA_ANALYTICS_CAPSTONE/Code/data/raw/DataScience_DeepDive_Framework.xlsx:Zone.Identifier,.Identifier,0.02,2026-07-26 12:38:15
Raw Data,DataScience_Projects_By_Modality.xlsx,/home/kumarans/MS_AIML/Term1/DEEP_LEARNING_THEORY_PRACTICAL_ APPLICATIONS/MS_Capstone+NLP/QM 640_DATA_ANALYTICS_CAPSTONE/Code/data/raw/DataScience_Projects_By_Modality.xlsx,.xlsx,10.17,2026-07-18 12:43:19
Raw Data,DataScience_Projects_By_Modality.xlsx:Zone.Identifier,/home/kumarans/MS_AIML/Term1/DEEP_LEARNING_THEORY_PRACTICAL_ APPLICATIONS/MS_Capstone+NLP/QM 640_DATA_ANALYTICS_CAPSTONE/Code/data/raw/DataScience_Projects_By_Modality.xlsx:Zone.Identifier,.Identifier,0.02,2026-07-26 12:38:15
Raw Data,DataScience_Projects_By_Modality_Expanded.xlsx,/home/kumarans/MS_AIML/Term1/DEEP_LEARNING_THEORY_PRACTICAL_ APPLICATIONS/MS_Capstone+NLP/QM 640_DATA_ANALYTICS_CAPSTONE/Code/data/raw/DataScience_Projects_By_Modality_Expanded.xlsx,.xlsx,11.55,2026-07-18 12:43:19
Raw Data,DataScience_Projects_By_Modality_Expanded.xlsx:Zone.Identifier,/home/kumarans/MS_AIML/Term1/DEEP_LEARNING_THEORY_PRACTICAL_ APPLICATIONS/MS_Capstone+NLP/QM 640_DATA_ANALYTICS_CAPSTONE/Code/data/raw/DataScience_Projects_By_Modality_Expanded.xlsx:Zone.Identifier,.Identifier,0.02,2026-07-26 12:38:15
Raw Data,GraduateEmploymentSurveyNTUNUSSITSMUSUSSSUTD.csv:Zone.Identifier,/home/kumarans/MS_AIML/Term1/DEEP_LEARNING_THEORY_PRACTICAL_ APPLICATIONS/MS_Capstone+NLP/QM 640_DATA_ANALYTICS_CAPSTONE/Code/data/raw/GraduateEmploymentSurveyNTUNUSSITSMUSUSSSUTD.csv:Zone.Identifier,.Identifier,0.02,2026-07-26 12:38:17
Raw Data,GraduateEmploymentSurveyNTUNUSSITSMUSUSSSUTD.xlsx,/home/kumarans/MS_AIML/Term1/DEEP_LEARNING_THEORY_PRACTICAL_ APPLICATIONS/MS_Capstone+NLP/QM 640_DATA_ANALYTICS_CAPSTONE/Code/data/raw/GraduateEmploymentSurveyNTUNUSSITSMUSUSSSUTD.xlsx,.xlsx,109.9,2026-07-18 19:05:18
Raw Data,GraduateEmploymentSurveyNTUNUSSITSMUSUSSSUTD.xlsx:Zone.Identifier,/home/kumarans/MS_AIML/Term1/DEEP_LEARNING_THEORY_PRACTICAL_ APPLICATIONS/MS_Capstone+NLP/QM 640_DATA_ANALYTICS_CAPSTONE/Code/data/raw/GraduateEmploymentSurveyNTUNUSSITSMUSUSSSUTD.xlsx:Zone.Identifier,.Identifier,0.02,2026-07-26 12:38:15
Raw Data,graduate_employment_survey.csv,/home/kumarans/MS_AIML/Term1/DEEP_LEARNING_THEORY_PRACTICAL_ APPLICATIONS/MS_Capstone+NLP/QM 640_DATA_ANALYTICS_CAPSTONE/Code/data/raw/graduate_employment_survey.csv,.csv,224.63,2026-07-26 17:15:32
Processed Data,.gitkeep,/home/kumarans/MS_AIML/Term1/DEEP_LEARNING_THEORY_PRACTICAL_ APPLICATIONS/MS_Capstone+NLP/QM 640_DATA_ANALYTICS_CAPSTONE/Code/data/processed/.gitkeep,,0.0,2026-07-26 17:15:32
Processed Data,ges_cleaned.csv,/home/kumarans/MS_AIML/Term1/DEEP_LEARNING_THEORY_PRACTICAL_ APPLICATIONS/MS_Capstone+NLP/QM 640_DATA_ANALYTICS_CAPSTONE/Code/data/processed/ges_cleaned.csv,.csv,486.1,2026-08-03 21:53:41
Processed Data,ges_clustered_program_profiles.csv,/home/kumarans/MS_AIML/Term1/DEEP_LEARNING_THEORY_PRACTICAL_ APPLICATIONS/MS_Capstone+NLP/QM 640_DATA_ANALYTICS_CAPSTONE/Code/data/processed/ges_clustered_program_profiles.csv,.csv,271.59,2026-08-03 18:43:25
Processed Data,ges_clustered_programme_profiles.csv,/home/kumarans/MS_AIML/Term1/DEEP_LEARNING_THEORY_PRACTICAL_ APPLICATIONS/MS_Capstone+NLP/QM 640_DATA_ANALYTICS_CAPSTONE/Code/data/processed/ges_clustered_programme_profiles.csv,.csv,271.59,2026-08-03 21:54:51
Tables,.gitkeep,/home/kumarans/MS_AIML/Term1/DEEP_LEARNING_THEORY_PRACTICAL_ APPLICATIONS/MS_Capstone+NLP/QM 640_DATA_ANALYTICS_CAPSTONE/Code/outputs/tables/.gitkeep,,0.0,2026-07-26 17:15:32
Tables,appendix_b_figure_index.csv,/home/kumarans/MS_AIML/Term1/DEEP_LEARNING_THEORY_PRACTICAL_ APPLICATIONS/MS_Capstone+NLP/QM 640_DATA_ANALYTICS_CAPSTONE/Code/outputs/tables/appendix_b_figure_index.csv,.csv,0.84,2026-08-03 21:04:59
Tables,best_classification_models.csv,/home/kumarans/MS_AIML/Term1/DEEP_LEARNING_THEORY_PRACTICAL_ APPLICATIONS/MS_Capstone+NLP/QM 640_DATA_ANALYTICS_CAPSTONE/Code/outputs/tables/best_classification_models.csv,.csv,0.49,2026-08-03 21:54:43
Tables,bivariate_correlation_summary.csv,/home/kumarans/MS_AIML/Term1/DEEP_LEARNING_THEORY_PRACTICAL_ APPLICATIONS/MS_Capstone+NLP/QM 640_DATA_ANALYTICS_CAPSTONE/Code/outputs/tables/bivariate_correlation_summary.csv,.csv,1.42,2026-08-03 21:53:59
Tables,bivariate_university_outcome_summary.csv,/home/kumarans/MS_AIML/Term1/DEEP_LEARNING_THEORY_PRACTICAL_ APPLICATIONS/MS_Capstone+NLP/QM 640_DATA_ANALYTICS_CAPSTONE/Code/outputs/tables/bivariate_university_outcome_summary.csv,.csv,0.72,2026-08-03 21:53:57
Tables,bivariate_year_trend_summary.csv,/home/kumarans/MS_AIML/Term1/DEEP_LEARNING_THEORY_PRACTICAL_ APPLICATIONS/MS_Capstone+NLP/QM 640_DATA_ANALYTICS_CAPSTONE/Code/outputs/tables/bivariate_year_trend_summary.csv,.csv,0.73,2026-08-03 21:53:57
Tables,classification_confusion_summary.csv,/home/kumarans/MS_AIML/Term1/DEEP_LEARNING_THEORY_PRACTICAL_ APPLICATIONS/MS_Capstone+NLP/QM 640_DATA_ANALYTICS_CAPSTONE/Code/outputs/tables/classification_confusion_summary.csv,.csv,0.6,2026-08-03 21:54:43
Tables,classification_insight_summary.csv,/home/kumarans/MS_AIML/Term1/DEEP_LEARNING_THEORY_PRACTICAL_ APPLICATIONS/MS_Capstone+NLP/QM 640_DATA_ANALYTICS_CAPSTONE/Code/outputs/tables/classification_insight_summary.csv,.csv,0.67,2026-08-03 21:54:43
Tables,classification_leakage_control_design.csv,/home/kumarans/MS_AIML/Term1/DEEP_LEARNING_THEORY_PRACTICAL_ APPLICATIONS/MS_Capstone+NLP/QM 640_DATA_ANALYTICS_CAPSTONE/Code/outputs/tables/classification_leakage_control_design.csv,.csv,0.36,2026-07-26 14:40:13
Tables,classification_leakage_control_insight_summary.csv,/home/kumarans/MS_AIML/Term1/DEEP_LEARNING_THEORY_PRACTICAL_ APPLICATIONS/MS_Capstone+NLP/QM 640_DATA_ANALYTICS_CAPSTONE/Code/outputs/tables/classification_leakage_control_insight_summary.csv,.csv,0.8,2026-07-26 14:40:16
Tables,classification_performance_summary.csv,/home/kumarans/MS_AIML/Term1/DEEP_LEARNING_THEORY_PRACTICAL_ APPLICATIONS/MS_Capstone+NLP/QM 640_DATA_ANALYTICS_CAPSTONE/Code/outputs/tables/classification_performance_summary.csv,.csv,1.57,2026-08-03 21:54:43
Tables,classification_preliminary_vs_leakage_controlled.csv,/home/kumarans/MS_AIML/Term1/DEEP_LEARNING_THEORY_PRACTICAL_ APPLICATIONS/MS_Capstone+NLP/QM 640_DATA_ANALYTICS_CAPSTONE/Code/outputs/tables/classification_preliminary_vs_leakage_controlled.csv,.csv,2.0,2026-07-26 14:40:15
Tables,classification_target_summary.csv,/home/kumarans/MS_AIML/Term1/DEEP_LEARNING_THEORY_PRACTICAL_ APPLICATIONS/MS_Capstone+NLP/QM 640_DATA_ANALYTICS_CAPSTONE/Code/outputs/tables/classification_target_summary.csv,.csv,0.37,2026-08-03 21:54:42
Tables,cluster_interpretation_labels.csv,/home/kumarans/MS_AIML/Term1/DEEP_LEARNING_THEORY_PRACTICAL_ APPLICATIONS/MS_Capstone+NLP/QM 640_DATA_ANALYTICS_CAPSTONE/Code/outputs/tables/cluster_interpretation_labels.csv,.csv,0.61,2026-08-03 21:54:51
Tables,cluster_profile_simple.csv,/home/kumarans/MS_AIML/Term1/DEEP_LEARNING_THEORY_PRACTICAL_ APPLICATIONS/MS_Capstone+NLP/QM 640_DATA_ANALYTICS_CAPSTONE/Code/outputs/tables/cluster_profile_simple.csv,.csv,0.31,2026-08-03 21:54:51
Tables,cluster_profile_summary.csv,/home/kumarans/MS_AIML/Term1/DEEP_LEARNING_THEORY_PRACTICAL_ APPLICATIONS/MS_Capstone+NLP/QM 640_DATA_ANALYTICS_CAPSTONE/Code/outputs/tables/cluster_profile_summary.csv,.csv,1.25,2026-08-03 21:54:51
Tables,cluster_university_distribution_percent.csv,/home/kumarans/MS_AIML/Term1/DEEP_LEARNING_THEORY_PRACTICAL_ APPLICATIONS/MS_Capstone+NLP/QM 640_DATA_ANALYTICS_CAPSTONE/Code/outputs/tables/cluster_university_distribution_percent.csv,.csv,0.32,2026-08-03 21:54:51
Tables,cluster_year_distribution_percent.csv,/home/kumarans/MS_AIML/Term1/DEEP_LEARNING_THEORY_PRACTICAL_ APPLICATIONS/MS_Capstone+NLP/QM 640_DATA_ANALYTICS_CAPSTONE/Code/outputs/tables/cluster_year_distribution_percent.csv,.csv,0.26,2026-08-03 21:54:51
Tables,clustering_insight_summary.csv,/home/kumarans/MS_AIML/Term1/DEEP_LEARNING_THEORY_PRACTICAL_ APPLICATIONS/MS_Capstone+NLP/QM 640_DATA_ANALYTICS_CAPSTONE/Code/outputs/tables/clustering_insight_summary.csv,.csv,0.84,2026-08-03 21:54:51
Tables,clustering_k_selection_summary.csv,/home/kumarans/MS_AIML/Term1/DEEP_LEARNING_THEORY_PRACTICAL_ APPLICATIONS/MS_Capstone+NLP/QM 640_DATA_ANALYTICS_CAPSTONE/Code/outputs/tables/clustering_k_selection_summary.csv,.csv,0.45,2026-08-03 21:54:50
Tables,clustering_pca_explained_variance.csv,/home/kumarans/MS_AIML/Term1/DEEP_LEARNING_THEORY_PRACTICAL_ APPLICATIONS/MS_Capstone+NLP/QM 640_DATA_ANALYTICS_CAPSTONE/Code/outputs/tables/clustering_pca_explained_variance.csv,.csv,0.11,2026-08-03 21:54:51
Tables,clustering_scaled_features.csv,/home/kumarans/MS_AIML/Term1/DEEP_LEARNING_THEORY_PRACTICAL_ APPLICATIONS/MS_Capstone+NLP/QM 640_DATA_ANALYTICS_CAPSTONE/Code/outputs/tables/clustering_scaled_features.csv,.csv,110.68,2026-08-03 21:54:49
Tables,cvi_correlation_validation.csv,/home/kumarans/MS_AIML/Term1/DEEP_LEARNING_THEORY_PRACTICAL_ APPLICATIONS/MS_Capstone+NLP/QM 640_DATA_ANALYTICS_CAPSTONE/Code/outputs/tables/cvi_correlation_validation.csv,.csv,0.87,2026-08-03 21:54:04
Tables,data_cleaning_log.csv,/home/kumarans/MS_AIML/Term1/DEEP_LEARNING_THEORY_PRACTICAL_ APPLICATIONS/MS_Capstone+NLP/QM 640_DATA_ANALYTICS_CAPSTONE/Code/outputs/tables/data_cleaning_log.csv,.csv,0.83,2026-08-03 21:53:35
Tables,data_dictionary.csv,/home/kumarans/MS_AIML/Term1/DEEP_LEARNING_THEORY_PRACTICAL_ APPLICATIONS/MS_Capstone+NLP/QM 640_DATA_ANALYTICS_CAPSTONE/Code/outputs/tables/data_dictionary.csv,.csv,4.93,2026-08-03 21:53:44
Tables,dataset_overview.csv,/home/kumarans/MS_AIML/Term1/DEEP_LEARNING_THEORY_PRACTICAL_ APPLICATIONS/MS_Capstone+NLP/QM 640_DATA_ANALYTICS_CAPSTONE/Code/outputs/tables/dataset_overview.csv,.csv,0.7,2026-08-03 21:53:44
Tables,eda_bivariate_insight_summary.csv,/home/kumarans/MS_AIML/Term1/DEEP_LEARNING_THEORY_PRACTICAL_ APPLICATIONS/MS_Capstone+NLP/QM 640_DATA_ANALYTICS_CAPSTONE/Code/outputs/tables/eda_bivariate_insight_summary.csv,.csv,1.14,2026-08-03 21:53:59
Tables,eda_coverage_insight_summary.csv,/home/kumarans/MS_AIML/Term1/DEEP_LEARNING_THEORY_PRACTICAL_ APPLICATIONS/MS_Capstone+NLP/QM 640_DATA_ANALYTICS_CAPSTONE/Code/outputs/tables/eda_coverage_insight_summary.csv,.csv,1.06,2026-08-03 21:53:49
Tables,eda_coverage_summary.csv,/home/kumarans/MS_AIML/Term1/DEEP_LEARNING_THEORY_PRACTICAL_ APPLICATIONS/MS_Capstone+NLP/QM 640_DATA_ANALYTICS_CAPSTONE/Code/outputs/tables/eda_coverage_summary.csv,.csv,0.27,2026-08-03 21:53:49
Tables,eda_evidence_checklist.csv,/home/kumarans/MS_AIML/Term1/DEEP_LEARNING_THEORY_PRACTICAL_ APPLICATIONS/MS_Capstone+NLP/QM 640_DATA_ANALYTICS_CAPSTONE/Code/outputs/tables/eda_evidence_checklist.csv,.csv,0.79,2026-08-03 21:54:33
Tables,eda_findings_by_research_question.csv,/home/kumarans/MS_AIML/Term1/DEEP_LEARNING_THEORY_PRACTICAL_ APPLICATIONS/MS_Capstone+NLP/QM 640_DATA_ANALYTICS_CAPSTONE/Code/outputs/tables/eda_findings_by_research_question.csv,.csv,3.71,2026-08-03 21:54:33
Tables,eda_multivariate_insight_summary.csv,/home/kumarans/MS_AIML/Term1/DEEP_LEARNING_THEORY_PRACTICAL_ APPLICATIONS/MS_Capstone+NLP/QM 640_DATA_ANALYTICS_CAPSTONE/Code/outputs/tables/eda_multivariate_insight_summary.csv,.csv,1.49,2026-08-03 21:54:02
Tables,eda_records_by_university.csv,/home/kumarans/MS_AIML/Term1/DEEP_LEARNING_THEORY_PRACTICAL_ APPLICATIONS/MS_Capstone+NLP/QM 640_DATA_ANALYTICS_CAPSTONE/Code/outputs/tables/eda_records_by_university.csv,.csv,0.4,2026-08-03 21:53:49
Tables,eda_records_by_university_year.csv,/home/kumarans/MS_AIML/Term1/DEEP_LEARNING_THEORY_PRACTICAL_ APPLICATIONS/MS_Capstone+NLP/QM 640_DATA_ANALYTICS_CAPSTONE/Code/outputs/tables/eda_records_by_university_year.csv,.csv,3.27,2026-08-03 21:53:49
Tables,eda_records_by_university_year_pivot.csv,/home/kumarans/MS_AIML/Term1/DEEP_LEARNING_THEORY_PRACTICAL_ APPLICATIONS/MS_Capstone+NLP/QM 640_DATA_ANALYTICS_CAPSTONE/Code/outputs/tables/eda_records_by_university_year_pivot.csv,.csv,0.46,2026-08-03 21:53:49
Tables,eda_records_by_year.csv,/home/kumarans/MS_AIML/Term1/DEEP_LEARNING_THEORY_PRACTICAL_ APPLICATIONS/MS_Capstone+NLP/QM 640_DATA_ANALYTICS_CAPSTONE/Code/outputs/tables/eda_records_by_year.csv,.csv,0.35,2026-08-03 21:53:49
Tables,eda_top_schools_by_records.csv,/home/kumarans/MS_AIML/Term1/DEEP_LEARNING_THEORY_PRACTICAL_ APPLICATIONS/MS_Capstone+NLP/QM 640_DATA_ANALYTICS_CAPSTONE/Code/outputs/tables/eda_top_schools_by_records.csv,.csv,1.16,2026-08-03 21:53:49
Tables,eda_univariate_career_value_summary.csv,/home/kumarans/MS_AIML/Term1/DEEP_LEARNING_THEORY_PRACTICAL_ APPLICATIONS/MS_Capstone+NLP/QM 640_DATA_ANALYTICS_CAPSTONE/Code/outputs/tables/eda_univariate_career_value_summary.csv,.csv,0.59,2026-08-03 21:53:56
Tables,eda_univariate_employment_summary.csv,/home/kumarans/MS_AIML/Term1/DEEP_LEARNING_THEORY_PRACTICAL_ APPLICATIONS/MS_Capstone+NLP/QM 640_DATA_ANALYTICS_CAPSTONE/Code/outputs/tables/eda_univariate_employment_summary.csv,.csv,0.66,2026-08-03 21:53:56
Tables,eda_univariate_insight_summary.csv,/home/kumarans/MS_AIML/Term1/DEEP_LEARNING_THEORY_PRACTICAL_ APPLICATIONS/MS_Capstone+NLP/QM 640_DATA_ANALYTICS_CAPSTONE/Code/outputs/tables/eda_univariate_insight_summary.csv,.csv,0.96,2026-08-03 21:53:56
Tables,eda_univariate_salary_summary.csv,/home/kumarans/MS_AIML/Term1/DEEP_LEARNING_THEORY_PRACTICAL_ APPLICATIONS/MS_Capstone+NLP/QM 640_DATA_ANALYTICS_CAPSTONE/Code/outputs/tables/eda_univariate_salary_summary.csv,.csv,1.27,2026-08-03 21:53:56
Tables,eda_univariate_summary.csv,/home/kumarans/MS_AIML/Term1/DEEP_LEARNING_THEORY_PRACTICAL_ APPLICATIONS/MS_Capstone+NLP/QM 640_DATA_ANALYTICS_CAPSTONE/Code/outputs/tables/eda_univariate_summary.csv,.csv,2.16,2026-08-03 21:53:52
Tables,feature_engineering_summary.csv,/home/kumarans/MS_AIML/Term1/DEEP_LEARNING_THEORY_PRACTICAL_ APPLICATIONS/MS_Capstone+NLP/QM 640_DATA_ANALYTICS_CAPSTONE/Code/outputs/tables/feature_engineering_summary.csv,.csv,0.6,2026-08-03 21:53:41
Tables,feature_missing_summary.csv,/home/kumarans/MS_AIML/Term1/DEEP_LEARNING_THEORY_PRACTICAL_ APPLICATIONS/MS_Capstone+NLP/QM 640_DATA_ANALYTICS_CAPSTONE/Code/outputs/tables/feature_missing_summary.csv,.csv,0.17,2026-08-03 21:53:41
Tables,final_analysis_evidence_summary.csv,/home/kumarans/MS_AIML/Term1/DEEP_LEARNING_THEORY_PRACTICAL_ APPLICATIONS/MS_Capstone+NLP/QM 640_DATA_ANALYTICS_CAPSTONE/Code/outputs/tables/final_analysis_evidence_summary.csv,.csv,0.98,2026-08-03 21:54:57
Tables,final_export_summary.csv,/home/kumarans/MS_AIML/Term1/DEEP_LEARNING_THEORY_PRACTICAL_ APPLICATIONS/MS_Capstone+NLP/QM 640_DATA_ANALYTICS_CAPSTONE/Code/outputs/tables/final_export_summary.csv,.csv,1.24,2026-07-26 16:32:12
Tables,final_key_numerical_findings.csv,/home/kumarans/MS_AIML/Term1/DEEP_LEARNING_THEORY_PRACTICAL_ APPLICATIONS/MS_Capstone+NLP/QM 640_DATA_ANALYTICS_CAPSTONE/Code/outputs/tables/final_key_numerical_findings.csv,.csv,0.45,2026-08-03 21:54:57
Tables,final_limitations_and_next_steps.csv,/home/kumarans/MS_AIML/Term1/DEEP_LEARNING_THEORY_PRACTICAL_ APPLICATIONS/MS_Capstone+NLP/QM 640_DATA_ANALYTICS_CAPSTONE/Code/outputs/tables/final_limitations_and_next_steps.csv,.csv,1.04,2026-08-03 21:54:57
Tables,final_output_file_inventory.csv,/home/kumarans/MS_AIML/Term1/DEEP_LEARNING_THEORY_PRACTICAL_ APPLICATIONS/MS_Capstone+NLP/QM 640_DATA_ANALYTICS_CAPSTONE/Code/outputs/tables/final_output_file_inventory.csv,.csv,36.87,2026-07-26 16:32:12
Tables,final_research_question_results.csv,/home/kumarans/MS_AIML/Term1/DEEP_LEARNING_THEORY_PRACTICAL_ APPLICATIONS/MS_Capstone+NLP/QM 640_DATA_ANALYTICS_CAPSTONE/Code/outputs/tables/final_research_question_results.csv,.csv,3.44,2026-08-03 21:54:57
Tables,initial_data_type_summary.csv,/home/kumarans/MS_AIML/Term1/DEEP_LEARNING_THEORY_PRACTICAL_ APPLICATIONS/MS_Capstone+NLP/QM 640_DATA_ANALYTICS_CAPSTONE/Code/outputs/tables/initial_data_type_summary.csv,.csv,0.48,2026-08-03 21:53:32
Tables,interim_eda_summary.csv,/home/kumarans/MS_AIML/Term1/DEEP_LEARNING_THEORY_PRACTICAL_ APPLICATIONS/MS_Capstone+NLP/QM 640_DATA_ANALYTICS_CAPSTONE/Code/outputs/tables/interim_eda_summary.csv,.csv,1.68,2026-08-03 21:54:33
Tables,leakage_controlled_best_models.csv,/home/kumarans/MS_AIML/Term1/DEEP_LEARNING_THEORY_PRACTICAL_ APPLICATIONS/MS_Capstone+NLP/QM 640_DATA_ANALYTICS_CAPSTONE/Code/outputs/tables/leakage_controlled_best_models.csv,.csv,1.5,2026-07-26 14:40:15
Tables,leakage_controlled_classification_performance.csv,/home/kumarans/MS_AIML/Term1/DEEP_LEARNING_THEORY_PRACTICAL_ APPLICATIONS/MS_Capstone+NLP/QM 640_DATA_ANALYTICS_CAPSTONE/Code/outputs/tables/leakage_controlled_classification_performance.csv,.csv,4.78,2026-07-26 14:40:15
Tables,leakage_controlled_confusion_summary.csv,/home/kumarans/MS_AIML/Term1/DEEP_LEARNING_THEORY_PRACTICAL_ APPLICATIONS/MS_Capstone+NLP/QM 640_DATA_ANALYTICS_CAPSTONE/Code/outputs/tables/leakage_controlled_confusion_summary.csv,.csv,2.0,2026-07-26 14:40:15
Tables,leakage_controlled_target_summary.csv,/home/kumarans/MS_AIML/Term1/DEEP_LEARNING_THEORY_PRACTICAL_ APPLICATIONS/MS_Capstone+NLP/QM 640_DATA_ANALYTICS_CAPSTONE/Code/outputs/tables/leakage_controlled_target_summary.csv,.csv,0.37,2026-07-26 14:40:13
Tables,missing_after_type_conversion.csv,/home/kumarans/MS_AIML/Term1/DEEP_LEARNING_THEORY_PRACTICAL_ APPLICATIONS/MS_Capstone+NLP/QM 640_DATA_ANALYTICS_CAPSTONE/Code/outputs/tables/missing_after_type_conversion.csv,.csv,0.45,2026-08-03 21:53:35
Tables,missing_by_university.csv,/home/kumarans/MS_AIML/Term1/DEEP_LEARNING_THEORY_PRACTICAL_ APPLICATIONS/MS_Capstone+NLP/QM 640_DATA_ANALYTICS_CAPSTONE/Code/outputs/tables/missing_by_university.csv,.csv,0.35,2026-08-03 21:53:38
Tables,missing_by_year.csv,/home/kumarans/MS_AIML/Term1/DEEP_LEARNING_THEORY_PRACTICAL_ APPLICATIONS/MS_Capstone+NLP/QM 640_DATA_ANALYTICS_CAPSTONE/Code/outputs/tables/missing_by_year.csv,.csv,0.26,2026-08-03 21:53:38
Tables,missing_pattern_summary.csv,/home/kumarans/MS_AIML/Term1/DEEP_LEARNING_THEORY_PRACTICAL_ APPLICATIONS/MS_Capstone+NLP/QM 640_DATA_ANALYTICS_CAPSTONE/Code/outputs/tables/missing_pattern_summary.csv,.csv,0.23,2026-08-03 21:53:38
Tables,multivariate_correlation_matrix.csv,/home/kumarans/MS_AIML/Term1/DEEP_LEARNING_THEORY_PRACTICAL_ APPLICATIONS/MS_Capstone+NLP/QM 640_DATA_ANALYTICS_CAPSTONE/Code/outputs/tables/multivariate_correlation_matrix.csv,.csv,2.59,2026-08-03 21:54:01
Tables,non_numeric_value_check.csv,/home/kumarans/MS_AIML/Term1/DEEP_LEARNING_THEORY_PRACTICAL_ APPLICATIONS/MS_Capstone+NLP/QM 640_DATA_ANALYTICS_CAPSTONE/Code/outputs/tables/non_numeric_value_check.csv,.csv,0.49,2026-08-03 21:53:35
Tables,numeric_summary_after_conversion.csv,/home/kumarans/MS_AIML/Term1/DEEP_LEARNING_THEORY_PRACTICAL_ APPLICATIONS/MS_Capstone+NLP/QM 640_DATA_ANALYTICS_CAPSTONE/Code/outputs/tables/numeric_summary_after_conversion.csv,.csv,0.89,2026-08-03 21:53:35
Tables,original_column_summary.csv,/home/kumarans/MS_AIML/Term1/DEEP_LEARNING_THEORY_PRACTICAL_ APPLICATIONS/MS_Capstone+NLP/QM 640_DATA_ANALYTICS_CAPSTONE/Code/outputs/tables/original_column_summary.csv,.csv,0.27,2026-08-03 21:53:32
Tables,preliminary_vif_summary.csv,/home/kumarans/MS_AIML/Term1/DEEP_LEARNING_THEORY_PRACTICAL_ APPLICATIONS/MS_Capstone+NLP/QM 640_DATA_ANALYTICS_CAPSTONE/Code/outputs/tables/preliminary_vif_summary.csv,.csv,0.63,2026-08-03 21:54:02
Tables,regression_coefficient_summary.csv,/home/kumarans/MS_AIML/Term1/DEEP_LEARNING_THEORY_PRACTICAL_ APPLICATIONS/MS_Capstone+NLP/QM 640_DATA_ANALYTICS_CAPSTONE/Code/outputs/tables/regression_coefficient_summary.csv,.csv,3.28,2026-08-03 21:54:38
Tables,regression_insight_summary.csv,/home/kumarans/MS_AIML/Term1/DEEP_LEARNING_THEORY_PRACTICAL_ APPLICATIONS/MS_Capstone+NLP/QM 640_DATA_ANALYTICS_CAPSTONE/Code/outputs/tables/regression_insight_summary.csv,.csv,0.64,2026-08-03 21:54:39
Tables,regression_performance_summary.csv,/home/kumarans/MS_AIML/Term1/DEEP_LEARNING_THEORY_PRACTICAL_ APPLICATIONS/MS_Capstone+NLP/QM 640_DATA_ANALYTICS_CAPSTONE/Code/outputs/tables/regression_performance_summary.csv,.csv,0.35,2026-08-03 21:54:38
Tables,regression_prediction_samples.csv,/home/kumarans/MS_AIML/Term1/DEEP_LEARNING_THEORY_PRACTICAL_ APPLICATIONS/MS_Capstone+NLP/QM 640_DATA_ANALYTICS_CAPSTONE/Code/outputs/tables/regression_prediction_samples.csv,.csv,4.67,2026-08-03 21:54:38
Tables,report_ready_narrative_summary.csv,/home/kumarans/MS_AIML/Term1/DEEP_LEARNING_THEORY_PRACTICAL_ APPLICATIONS/MS_Capstone+NLP/QM 640_DATA_ANALYTICS_CAPSTONE/Code/outputs/tables/report_ready_narrative_summary.csv,.csv,0.41,2026-07-26 16:33:22
Tables,statistical_test_assumption_summary.csv,/home/kumarans/MS_AIML/Term1/DEEP_LEARNING_THEORY_PRACTICAL_ APPLICATIONS/MS_Capstone+NLP/QM 640_DATA_ANALYTICS_CAPSTONE/Code/outputs/tables/statistical_test_assumption_summary.csv,.csv,3.11,2026-08-03 21:54:35
Tables,statistical_test_pairwise_comparisons.csv,/home/kumarans/MS_AIML/Term1/DEEP_LEARNING_THEORY_PRACTICAL_ APPLICATIONS/MS_Capstone+NLP/QM 640_DATA_ANALYTICS_CAPSTONE/Code/outputs/tables/statistical_test_pairwise_comparisons.csv,.csv,11.83,2026-08-03 21:54:35
Tables,statistical_test_results.csv,/home/kumarans/MS_AIML/Term1/DEEP_LEARNING_THEORY_PRACTICAL_ APPLICATIONS/MS_Capstone+NLP/QM 640_DATA_ANALYTICS_CAPSTONE/Code/outputs/tables/statistical_test_results.csv,.csv,1.79,2026-08-03 21:54:35
Tables,statistical_test_university_group_summary.csv,/home/kumarans/MS_AIML/Term1/DEEP_LEARNING_THEORY_PRACTICAL_ APPLICATIONS/MS_Capstone+NLP/QM 640_DATA_ANALYTICS_CAPSTONE/Code/outputs/tables/statistical_test_university_group_summary.csv,.csv,1.8,2026-08-03 21:54:35
Tables,statistical_testing_insight_summary.csv,/home/kumarans/MS_AIML/Term1/DEEP_LEARNING_THEORY_PRACTICAL_ APPLICATIONS/MS_Capstone+NLP/QM 640_DATA_ANALYTICS_CAPSTONE/Code/outputs/tables/statistical_testing_insight_summary.csv,.csv,0.89,2026-08-03 21:54:37
Tables,strong_correlation_pairs.csv,/home/kumarans/MS_AIML/Term1/DEEP_LEARNING_THEORY_PRACTICAL_ APPLICATIONS/MS_Capstone+NLP/QM 640_DATA_ANALYTICS_CAPSTONE/Code/outputs/tables/strong_correlation_pairs.csv,.csv,1.43,2026-08-03 21:54:02
Tables,target_correlation_summary.csv,/home/kumarans/MS_AIML/Term1/DEEP_LEARNING_THEORY_PRACTICAL_ APPLICATIONS/MS_Capstone+NLP/QM 640_DATA_ANALYTICS_CAPSTONE/Code/outputs/tables/target_correlation_summary.csv,.csv,3.21,2026-08-03 21:54:02
Tables,target_variable_summary.csv,/home/kumarans/MS_AIML/Term1/DEEP_LEARNING_THEORY_PRACTICAL_ APPLICATIONS/MS_Capstone+NLP/QM 640_DATA_ANALYTICS_CAPSTONE/Code/outputs/tables/target_variable_summary.csv,.csv,0.37,2026-08-03 21:53:44
Tables,university_multivariate_profile.csv,/home/kumarans/MS_AIML/Term1/DEEP_LEARNING_THEORY_PRACTICAL_ APPLICATIONS/MS_Capstone+NLP/QM 640_DATA_ANALYTICS_CAPSTONE/Code/outputs/tables/university_multivariate_profile.csv,.csv,0.81,2026-08-03 21:54:02
Tables,university_multivariate_profile_normalized.csv,/home/kumarans/MS_AIML/Term1/DEEP_LEARNING_THEORY_PRACTICAL_ APPLICATIONS/MS_Capstone+NLP/QM 640_DATA_ANALYTICS_CAPSTONE/Code/outputs/tables/university_multivariate_profile_normalized.csv,.csv,0.81,2026-08-03 21:54:02
Figures,.gitkeep,/home/kumarans/MS_AIML/Term1/DEEP_LEARNING_THEORY_PRACTICAL_ APPLICATIONS/MS_Capstone+NLP/QM 640_DATA_ANALYTICS_CAPSTONE/Code/outputs/figures/.gitkeep,,0.0,2026-07-26 17:15:32
Figures,figure_01_records_by_year.png,/home/kumarans/MS_AIML/Term1/DEEP_LEARNING_THEORY_PRACTICAL_ APPLICATIONS/MS_Capstone+NLP/QM 640_DATA_ANALYTICS_CAPSTONE/Code/outputs/figures/figure_01_records_by_year.png,.png,145.34,2026-07-26 13:09:47
Figures,figure_02_records_by_university.png,/home/kumarans/MS_AIML/Term1/DEEP_LEARNING_THEORY_PRACTICAL_ APPLICATIONS/MS_Capstone+NLP/QM 640_DATA_ANALYTICS_CAPSTONE/Code/outputs/figures/figure_02_records_by_university.png,.png,295.28,2026-07-26 13:09:47
Figures,figure_03_top_schools_by_records.png,/home/kumarans/MS_AIML/Term1/DEEP_LEARNING_THEORY_PRACTICAL_ APPLICATIONS/MS_Capstone+NLP/QM 640_DATA_ANALYTICS_CAPSTONE/Code/outputs/figures/figure_03_top_schools_by_records.png,.png,452.17,2026-07-26 13:09:48
Figures,figure_05_01_records_by_year.png,/home/kumarans/MS_AIML/Term1/DEEP_LEARNING_THEORY_PRACTICAL_ APPLICATIONS/MS_Capstone+NLP/QM 640_DATA_ANALYTICS_CAPSTONE/Code/outputs/figures/figure_05_01_records_by_year.png,.png,209.72,2026-08-03 21:53:49
Figures,figure_05_02_records_by_university.png,/home/kumarans/MS_AIML/Term1/DEEP_LEARNING_THEORY_PRACTICAL_ APPLICATIONS/MS_Capstone+NLP/QM 640_DATA_ANALYTICS_CAPSTONE/Code/outputs/figures/figure_05_02_records_by_university.png,.png,292.03,2026-08-03 21:53:49
Figures,figure_05_03_top_schools_by_records.png,/home/kumarans/MS_AIML/Term1/DEEP_LEARNING_THEORY_PRACTICAL_ APPLICATIONS/MS_Capstone+NLP/QM 640_DATA_ANALYTICS_CAPSTONE/Code/outputs/figures/figure_05_03_top_schools_by_records.png,.png,452.17,2026-08-03 21:53:49
Figures,figure_06_boxplot_basic_monthly_mean.png,/home/kumarans/MS_AIML/Term1/DEEP_LEARNING_THEORY_PRACTICAL_ APPLICATIONS/MS_Capstone+NLP/QM 640_DATA_ANALYTICS_CAPSTONE/Code/outputs/figures/figure_06_boxplot_basic_monthly_mean.png,.png,59.29,2026-08-03 21:53:55
Figures,figure_06_boxplot_basic_monthly_median.png,/home/kumarans/MS_AIML/Term1/DEEP_LEARNING_THEORY_PRACTICAL_ APPLICATIONS/MS_Capstone+NLP/QM 640_DATA_ANALYTICS_CAPSTONE/Code/outputs/figures/figure_06_boxplot_basic_monthly_median.png,.png,61.69,2026-08-03 21:53:55
Figures,figure_06_boxplot_career_value_index.png,/home/kumarans/MS_AIML/Term1/DEEP_LEARNING_THEORY_PRACTICAL_ APPLICATIONS/MS_Capstone+NLP/QM 640_DATA_ANALYTICS_CAPSTONE/Code/outputs/figures/figure_06_boxplot_career_value_index.png,.png,52.73,2026-08-03 21:53:56
Figures,figure_06_boxplot_employment_premium.png,/home/kumarans/MS_AIML/Term1/DEEP_LEARNING_THEORY_PRACTICAL_ APPLICATIONS/MS_Capstone+NLP/QM 640_DATA_ANALYTICS_CAPSTONE/Code/outputs/figures/figure_06_boxplot_employment_premium.png,.png,62.03,2026-08-03 21:53:55
Figures,figure_06_boxplot_employment_rate_ft_perm.png,/home/kumarans/MS_AIML/Term1/DEEP_LEARNING_THEORY_PRACTICAL_ APPLICATIONS/MS_Capstone+NLP/QM 640_DATA_ANALYTICS_CAPSTONE/Code/outputs/figures/figure_06_boxplot_employment_rate_ft_perm.png,.png,59.67,2026-08-03 21:53:55
Figures,figure_06_boxplot_employment_rate_overall.png,/home/kumarans/MS_AIML/Term1/DEEP_LEARNING_THEORY_PRACTICAL_ APPLICATIONS/MS_Capstone+NLP/QM 640_DATA_ANALYTICS_CAPSTONE/Code/outputs/figures/figure_06_boxplot_employment_rate_overall.png,.png,58.72,2026-08-03 21:53:54
Figures,figure_06_boxplot_gross_monthly_mean.png,/home/kumarans/MS_AIML/Term1/DEEP_LEARNING_THEORY_PRACTICAL_ APPLICATIONS/MS_Capstone+NLP/QM 640_DATA_ANALYTICS_CAPSTONE/Code/outputs/figures/figure_06_boxplot_gross_monthly_mean.png,.png,60.13,2026-08-03 21:53:55
Figures,figure_06_boxplot_gross_monthly_median.png,/home/kumarans/MS_AIML/Term1/DEEP_LEARNING_THEORY_PRACTICAL_ APPLICATIONS/MS_Capstone+NLP/QM 640_DATA_ANALYTICS_CAPSTONE/Code/outputs/figures/figure_06_boxplot_gross_monthly_median.png,.png,62.94,2026-08-03 21:53:55
Figures,figure_06_boxplot_gross_mthly_25_percentile.png,/home/kumarans/MS_AIML/Term1/DEEP_LEARNING_THEORY_PRACTICAL_ APPLICATIONS/MS_Capstone+NLP/QM 640_DATA_ANALYTICS_CAPSTONE/Code/outputs/figures/figure_06_boxplot_gross_mthly_25_percentile.png,.png,64.54,2026-08-03 21:53:55
Figures,figure_06_boxplot_gross_mthly_75_percentile.png,/home/kumarans/MS_AIML/Term1/DEEP_LEARNING_THEORY_PRACTICAL_ APPLICATIONS/MS_Capstone+NLP/QM 640_DATA_ANALYTICS_CAPSTONE/Code/outputs/figures/figure_06_boxplot_gross_mthly_75_percentile.png,.png,66.47,2026-08-03 21:53:55
Figures,figure_06_boxplot_salary_iqr.png,/home/kumarans/MS_AIML/Term1/DEEP_LEARNING_THEORY_PRACTICAL_ APPLICATIONS/MS_Capstone+NLP/QM 640_DATA_ANALYTICS_CAPSTONE/Code/outputs/figures/figure_06_boxplot_salary_iqr.png,.png,51.84,2026-08-03 21:53:55
Figures,figure_06_boxplot_salary_premium.png,/home/kumarans/MS_AIML/Term1/DEEP_LEARNING_THEORY_PRACTICAL_ APPLICATIONS/MS_Capstone+NLP/QM 640_DATA_ANALYTICS_CAPSTONE/Code/outputs/figures/figure_06_boxplot_salary_premium.png,.png,54.93,2026-08-03 21:53:55
Figures,figure_06_boxplot_stability_score.png,/home/kumarans/MS_AIML/Term1/DEEP_LEARNING_THEORY_PRACTICAL_ APPLICATIONS/MS_Capstone+NLP/QM 640_DATA_ANALYTICS_CAPSTONE/Code/outputs/figures/figure_06_boxplot_stability_score.png,.png,54.4,2026-08-03 21:53:56
Figures,figure_06_hist_basic_monthly_mean.png,/home/kumarans/MS_AIML/Term1/DEEP_LEARNING_THEORY_PRACTICAL_ APPLICATIONS/MS_Capstone+NLP/QM 640_DATA_ANALYTICS_CAPSTONE/Code/outputs/figures/figure_06_hist_basic_monthly_mean.png,.png,80.25,2026-08-03 21:53:52
Figures,figure_06_hist_basic_monthly_median.png,/home/kumarans/MS_AIML/Term1/DEEP_LEARNING_THEORY_PRACTICAL_ APPLICATIONS/MS_Capstone+NLP/QM 640_DATA_ANALYTICS_CAPSTONE/Code/outputs/figures/figure_06_hist_basic_monthly_median.png,.png,77.78,2026-08-03 21:53:53
Figures,figure_06_hist_career_value_index.png,/home/kumarans/MS_AIML/Term1/DEEP_LEARNING_THEORY_PRACTICAL_ APPLICATIONS/MS_Capstone+NLP/QM 640_DATA_ANALYTICS_CAPSTONE/Code/outputs/figures/figure_06_hist_career_value_index.png,.png,81.04,2026-08-03 21:53:54
Figures,figure_06_hist_employment_premium.png,/home/kumarans/MS_AIML/Term1/DEEP_LEARNING_THEORY_PRACTICAL_ APPLICATIONS/MS_Capstone+NLP/QM 640_DATA_ANALYTICS_CAPSTONE/Code/outputs/figures/figure_06_hist_employment_premium.png,.png,86.38,2026-08-03 21:53:52
Figures,figure_06_hist_employment_rate_ft_perm.png,/home/kumarans/MS_AIML/Term1/DEEP_LEARNING_THEORY_PRACTICAL_ APPLICATIONS/MS_Capstone+NLP/QM 640_DATA_ANALYTICS_CAPSTONE/Code/outputs/figures/figure_06_hist_employment_rate_ft_perm.png,.png,84.11,2026-08-03 21:53:52
Figures,figure_06_hist_employment_rate_overall.png,/home/kumarans/MS_AIML/Term1/DEEP_LEARNING_THEORY_PRACTICAL_ APPLICATIONS/MS_Capstone+NLP/QM 640_DATA_ANALYTICS_CAPSTONE/Code/outputs/figures/figure_06_hist_employment_rate_overall.png,.png,83.78,2026-08-03 21:53:52
Figures,figure_06_hist_gross_monthly_mean.png,/home/kumarans/MS_AIML/Term1/DEEP_LEARNING_THEORY_PRACTICAL_ APPLICATIONS/MS_Capstone+NLP/QM 640_DATA_ANALYTICS_CAPSTONE/Code/outputs/figures/figure_06_hist_gross_monthly_mean.png,.png,84.73,2026-08-03 21:53:53
Figures,figure_06_hist_gross_monthly_median.png,/home/kumarans/MS_AIML/Term1/DEEP_LEARNING_THEORY_PRACTICAL_ APPLICATIONS/MS_Capstone+NLP/QM 640_DATA_ANALYTICS_CAPSTONE/Code/outputs/figures/figure_06_hist_gross_monthly_median.png,.png,86.83,2026-08-03 21:53:53
Figures,figure_06_hist_gross_mthly_25_percentile.png,/home/kumarans/MS_AIML/Term1/DEEP_LEARNING_THEORY_PRACTICAL_ APPLICATIONS/MS_Capstone+NLP/QM 640_DATA_ANALYTICS_CAPSTONE/Code/outputs/figures/figure_06_hist_gross_mthly_25_percentile.png,.png,86.51,2026-08-03 21:53:53
Figures,figure_06_hist_gross_mthly_75_percentile.png,/home/kumarans/MS_AIML/Term1/DEEP_LEARNING_THEORY_PRACTICAL_ APPLICATIONS/MS_Capstone+NLP/QM 640_DATA_ANALYTICS_CAPSTONE/Code/outputs/figures/figure_06_hist_gross_mthly_75_percentile.png,.png,88.26,2026-08-03 21:53:54
Figures,figure_06_hist_salary_iqr.png,/home/kumarans/MS_AIML/Term1/DEEP_LEARNING_THEORY_PRACTICAL_ APPLICATIONS/MS_Capstone+NLP/QM 640_DATA_ANALYTICS_CAPSTONE/Code/outputs/figures/figure_06_hist_salary_iqr.png,.png,78.79,2026-08-03 21:53:54
Figures,figure_06_hist_salary_premium.png,/home/kumarans/MS_AIML/Term1/DEEP_LEARNING_THEORY_PRACTICAL_ APPLICATIONS/MS_Capstone+NLP/QM 640_DATA_ANALYTICS_CAPSTONE/Code/outputs/figures/figure_06_hist_salary_premium.png,.png,82.97,2026-08-03 21:53:54
Figures,figure_06_hist_stability_score.png,/home/kumarans/MS_AIML/Term1/DEEP_LEARNING_THEORY_PRACTICAL_ APPLICATIONS/MS_Capstone+NLP/QM 640_DATA_ANALYTICS_CAPSTONE/Code/outputs/figures/figure_06_hist_stability_score.png,.png,81.21,2026-08-03 21:53:54
Figures,figure_07_01_salary_trend_by_year.png,/home/kumarans/MS_AIML/Term1/DEEP_LEARNING_THEORY_PRACTICAL_ APPLICATIONS/MS_Capstone+NLP/QM 640_DATA_ANALYTICS_CAPSTONE/Code/outputs/figures/figure_07_01_salary_trend_by_year.png,.png,161.48,2026-08-03 21:53:57
Figures,figure_07_02_employment_trend_by_year.png,/home/kumarans/MS_AIML/Term1/DEEP_LEARNING_THEORY_PRACTICAL_ APPLICATIONS/MS_Capstone+NLP/QM 640_DATA_ANALYTICS_CAPSTONE/Code/outputs/figures/figure_07_02_employment_trend_by_year.png,.png,206.5,2026-08-03 21:53:57
Figures,figure_07_03_career_value_trend_by_year.png,/home/kumarans/MS_AIML/Term1/DEEP_LEARNING_THEORY_PRACTICAL_ APPLICATIONS/MS_Capstone+NLP/QM 640_DATA_ANALYTICS_CAPSTONE/Code/outputs/figures/figure_07_03_career_value_trend_by_year.png,.png,182.31,2026-08-03 21:53:57
Figures,figure_07_04_salary_by_university.png,/home/kumarans/MS_AIML/Term1/DEEP_LEARNING_THEORY_PRACTICAL_ APPLICATIONS/MS_Capstone+NLP/QM 640_DATA_ANALYTICS_CAPSTONE/Code/outputs/figures/figure_07_04_salary_by_university.png,.png,309.02,2026-08-03 21:53:57
Figures,figure_07_05_overall_employment_by_university.png,/home/kumarans/MS_AIML/Term1/DEEP_LEARNING_THEORY_PRACTICAL_ APPLICATIONS/MS_Capstone+NLP/QM 640_DATA_ANALYTICS_CAPSTONE/Code/outputs/figures/figure_07_05_overall_employment_by_university.png,.png,295.14,2026-08-03 21:53:58
Figures,figure_07_06_ft_perm_employment_by_university.png,/home/kumarans/MS_AIML/Term1/DEEP_LEARNING_THEORY_PRACTICAL_ APPLICATIONS/MS_Capstone+NLP/QM 640_DATA_ANALYTICS_CAPSTONE/Code/outputs/figures/figure_07_06_ft_perm_employment_by_university.png,.png,300.61,2026-08-03 21:53:58
Figures,figure_07_07_career_value_by_university.png,/home/kumarans/MS_AIML/Term1/DEEP_LEARNING_THEORY_PRACTICAL_ APPLICATIONS/MS_Capstone+NLP/QM 640_DATA_ANALYTICS_CAPSTONE/Code/outputs/figures/figure_07_07_career_value_by_university.png,.png,296.32,2026-08-03 21:53:58
Figures,figure_07_08_employment_vs_salary.png,/home/kumarans/MS_AIML/Term1/DEEP_LEARNING_THEORY_PRACTICAL_ APPLICATIONS/MS_Capstone+NLP/QM 640_DATA_ANALYTICS_CAPSTONE/Code/outputs/figures/figure_07_08_employment_vs_salary.png,.png,610.18,2026-08-03 21:53:58
Figures,figure_07_09_ft_perm_vs_salary.png,/home/kumarans/MS_AIML/Term1/DEEP_LEARNING_THEORY_PRACTICAL_ APPLICATIONS/MS_Capstone+NLP/QM 640_DATA_ANALYTICS_CAPSTONE/Code/outputs/figures/figure_07_09_ft_perm_vs_salary.png,.png,662.61,2026-08-03 21:53:59
Figures,figure_07_10_salary_spread_vs_salary.png,/home/kumarans/MS_AIML/Term1/DEEP_LEARNING_THEORY_PRACTICAL_ APPLICATIONS/MS_Capstone+NLP/QM 640_DATA_ANALYTICS_CAPSTONE/Code/outputs/figures/figure_07_10_salary_spread_vs_salary.png,.png,457.46,2026-08-03 21:53:59
Figures,figure_07_11_salary_vs_career_value.png,/home/kumarans/MS_AIML/Term1/DEEP_LEARNING_THEORY_PRACTICAL_ APPLICATIONS/MS_Capstone+NLP/QM 640_DATA_ANALYTICS_CAPSTONE/Code/outputs/figures/figure_07_11_salary_vs_career_value.png,.png,675.74,2026-08-03 21:53:59
Figures,figure_08_01_correlation_heatmap.png,/home/kumarans/MS_AIML/Term1/DEEP_LEARNING_THEORY_PRACTICAL_ APPLICATIONS/MS_Capstone+NLP/QM 640_DATA_ANALYTICS_CAPSTONE/Code/outputs/figures/figure_08_01_correlation_heatmap.png,.png,557.76,2026-08-03 21:54:02
Figures,figure_08_02_university_profile_heatmap.png,/home/kumarans/MS_AIML/Term1/DEEP_LEARNING_THEORY_PRACTICAL_ APPLICATIONS/MS_Capstone+NLP/QM 640_DATA_ANALYTICS_CAPSTONE/Code/outputs/figures/figure_08_02_university_profile_heatmap.png,.png,310.24,2026-08-03 21:54:02
Figures,figure_10_boxplot_career_value_index_by_university.png,/home/kumarans/MS_AIML/Term1/DEEP_LEARNING_THEORY_PRACTICAL_ APPLICATIONS/MS_Capstone+NLP/QM 640_DATA_ANALYTICS_CAPSTONE/Code/outputs/figures/figure_10_boxplot_career_value_index_by_university.png,.png,309.87,2026-08-03 21:54:36
Figures,figure_10_boxplot_employment_rate_ft_perm_by_university.png,/home/kumarans/MS_AIML/Term1/DEEP_LEARNING_THEORY_PRACTICAL_ APPLICATIONS/MS_Capstone+NLP/QM 640_DATA_ANALYTICS_CAPSTONE/Code/outputs/figures/figure_10_boxplot_employment_rate_ft_perm_by_university.png,.png,319.36,2026-08-03 21:54:36
Figures,figure_10_boxplot_employment_rate_overall_by_university.png,/home/kumarans/MS_AIML/Term1/DEEP_LEARNING_THEORY_PRACTICAL_ APPLICATIONS/MS_Capstone+NLP/QM 640_DATA_ANALYTICS_CAPSTONE/Code/outputs/figures/figure_10_boxplot_employment_rate_overall_by_university.png,.png,315.28,2026-08-03 21:54:36
Figures,figure_10_boxplot_gross_monthly_median_by_university.png,/home/kumarans/MS_AIML/Term1/DEEP_LEARNING_THEORY_PRACTICAL_ APPLICATIONS/MS_Capstone+NLP/QM 640_DATA_ANALYTICS_CAPSTONE/Code/outputs/figures/figure_10_boxplot_gross_monthly_median_by_university.png,.png,325.68,2026-08-03 21:54:36
Figures,figure_11_01_salary_actual_vs_predicted_sample.png,/home/kumarans/MS_AIML/Term1/DEEP_LEARNING_THEORY_PRACTICAL_ APPLICATIONS/MS_Capstone+NLP/QM 640_DATA_ANALYTICS_CAPSTONE/Code/outputs/figures/figure_11_01_salary_actual_vs_predicted_sample.png,.png,140.68,2026-08-03 21:54:38
Figures,figure_11_02_career_value_actual_vs_predicted_sample.png,/home/kumarans/MS_AIML/Term1/DEEP_LEARNING_THEORY_PRACTICAL_ APPLICATIONS/MS_Capstone+NLP/QM 640_DATA_ANALYTICS_CAPSTONE/Code/outputs/figures/figure_11_02_career_value_actual_vs_predicted_sample.png,.png,98.12,2026-08-03 21:54:39
Figures,figure_13_01_leakage_controlled_best_f1.png,/home/kumarans/MS_AIML/Term1/DEEP_LEARNING_THEORY_PRACTICAL_ APPLICATIONS/MS_Capstone+NLP/QM 640_DATA_ANALYTICS_CAPSTONE/Code/outputs/figures/figure_13_01_leakage_controlled_best_f1.png,.png,180.98,2026-07-26 14:40:16
Figures,figure_13_02_preliminary_vs_leakage_controlled_f1.png,/home/kumarans/MS_AIML/Term1/DEEP_LEARNING_THEORY_PRACTICAL_ APPLICATIONS/MS_Capstone+NLP/QM 640_DATA_ANALYTICS_CAPSTONE/Code/outputs/figures/figure_13_02_preliminary_vs_leakage_controlled_f1.png,.png,309.79,2026-07-26 14:40:16
Figures,figure_14_01_kmeans_elbow_curve.png,/home/kumarans/MS_AIML/Term1/DEEP_LEARNING_THEORY_PRACTICAL_ APPLICATIONS/MS_Capstone+NLP/QM 640_DATA_ANALYTICS_CAPSTONE/Code/outputs/figures/figure_14_01_kmeans_elbow_curve.png,.png,107.71,2026-08-03 21:54:50
Figures,figure_14_02_silhouette_score_by_k.png,/home/kumarans/MS_AIML/Term1/DEEP_LEARNING_THEORY_PRACTICAL_ APPLICATIONS/MS_Capstone+NLP/QM 640_DATA_ANALYTICS_CAPSTONE/Code/outputs/figures/figure_14_02_silhouette_score_by_k.png,.png,124.23,2026-08-03 21:54:50
Figures,figure_14_03_cluster_pca_scatter.png,/home/kumarans/MS_AIML/Term1/DEEP_LEARNING_THEORY_PRACTICAL_ APPLICATIONS/MS_Capstone+NLP/QM 640_DATA_ANALYTICS_CAPSTONE/Code/outputs/figures/figure_14_03_cluster_pca_scatter.png,.png,594.24,2026-08-03 21:54:51
Figures,figure_14_04_cluster_profile_employment_career_value.png,/home/kumarans/MS_AIML/Term1/DEEP_LEARNING_THEORY_PRACTICAL_ APPLICATIONS/MS_Capstone+NLP/QM 640_DATA_ANALYTICS_CAPSTONE/Code/outputs/figures/figure_14_04_cluster_profile_employment_career_value.png,.png,116.26,2026-08-03 21:54:51
Checkpoints,checkpoint_after_part12.pkl,/home/kumarans/MS_AIML/Term1/DEEP_LEARNING_THEORY_PRACTICAL_ APPLICATIONS/MS_Capstone+NLP/QM 640_DATA_ANALYTICS_CAPSTONE/Code/checkpoints/checkpoint_after_part12.pkl,.pkl,556.56,2026-08-03 17:33:24
Checkpoints,checkpoint_after_part12_metadata.json,/home/kumarans/MS_AIML/Term1/DEEP_LEARNING_THEORY_PRACTICAL_ APPLICATIONS/MS_Capstone+NLP/QM 640_DATA_ANALYTICS_CAPSTONE/Code/checkpoints/checkpoint_after_part12_metadata.json,.json,0.39,2026-08-03 17:33:24
Checkpoints,checkpoint_full_analysis_completed.pkl,/home/kumarans/MS_AIML/Term1/DEEP_LEARNING_THEORY_PRACTICAL_ APPLICATIONS/MS_Capstone+NLP/QM 640_DATA_ANALYTICS_CAPSTONE/Code/checkpoints/checkpoint_full_analysis_completed.pkl,.pkl,1279.39,2026-08-03 21:54:59
Checkpoints,checkpoint_full_analysis_completed_metadata.json,/home/kumarans/MS_AIML/Term1/DEEP_LEARNING_THEORY_PRACTICAL_ APPLICATIONS/MS_Capstone+NLP/QM 640_DATA_ANALYTICS_CAPSTONE/Code/checkpoints/checkpoint_full_analysis_completed_metadata.json,.json,1.91,2026-08-03 21:54:59
Checkpoints,restore_full_analysis_checkpoint_code.txt,/home/kumarans/MS_AIML/Term1/DEEP_LEARNING_THEORY_PRACTICAL_ APPLICATIONS/MS_Capstone+NLP/QM 640_DATA_ANALYTICS_CAPSTONE/Code/checkpoints/restore_full_analysis_checkpoint_code.txt,.txt,0.65,2026-07-26 16:32:12
